{
    "H": {"chi": 7.18, "eta": 12.84},
    "He": {"chi": 12.29, "eta": 24.59},
    "Li": {"chi": 3.01, "eta": 4.77},
    "Be": {"chi": 4.66, "eta": 9.32},
    "B": {"chi": 4.29, "eta": 8.02},
    "C": {"chi": 6.26, "eta": 10.00},
    "N": {"chi": 7.23, "eta": 14.60},
    "O": {"chi": 7.54, "eta": 12.16},
    "F": {"chi": 10.41, "eta": 14.02},
    "Ne": {"chi": 10.78, "eta": 21.56},
    "Na": {"chi": 2.84, "eta": 4.59},
    "Mg": {"chi": 3.82, "eta": 7.65},
    "Al": {"chi": 3.21, "eta": 5.55},
    "Si": {"chi": 4.77, "eta": 6.76},
    "P": {"chi": 5.60, "eta": 9.71},
    "S": {"chi": 6.22, "eta": 8.28},
    "Cl": {"chi": 8.29, "eta": 9.35},
    "Ar": {"chi": 7.88, "eta": 15.76},
    "K": {"chi": 2.42, "eta": 3.84},
    "Ca": {"chi": 3.07, "eta": 6.09},
    "Sc": {"chi": 3.36, "eta": 6.35},
    "Ti": {"chi": 3.45, "eta": 6.74},
    "V": {"chi": 3.63, "eta": 6.22},
    "Cr": {"chi": 3.72, "eta": 6.09},
    "Mn": {"chi": 3.72, "eta": 7.44},
    "Fe": {"chi": 4.01, "eta": 7.72},
    "Co": {"chi": 4.26, "eta": 7.20},
    "Ni": {"chi": 4.40, "eta": 6.48},
    "Cu": {"chi": 4.48, "eta": 6.49},
    "Zn": {"chi": 4.70, "eta": 9.39},
    "Ga": {"chi": 3.20, "eta": 5.59},
    "Ge": {"chi": 4.57, "eta": 6.67},
    "As": {"chi": 5.31, "eta": 9.00},
    "Se": {"chi": 5.89, "eta": 7.73},
    "Br": {"chi": 7.59, "eta": 8.45},
    "Kr": {"chi": 7.00, "eta": 14.00},
    "Rb": {"chi": 2.33, "eta": 3.69},
    "Sr": {"chi": 2.87, "eta": 5.64},
    "Y": {"chi": 3.34, "eta": 6.07},
    "Zr": {"chi": 3.63, "eta": 6.41},
    "Nb": {"chi": 3.89, "eta": 5.99},
    "Mo": {"chi": 3.92, "eta": 6.35},
    "Tc": {"chi": 3.92, "eta": 6.73},
    "Ru": {"chi": 4.21, "eta": 6.32},
    "Rh": {"chi": 4.30, "eta": 6.32},
    "Pd": {"chi": 4.45, "eta": 7.78},
    "Ag": {"chi": 4.44, "eta": 6.27},
    "Cd": {"chi": 4.50, "eta": 8.99},
    "In": {"chi": 3.10, "eta": 5.38},
    "Sn": {"chi": 4.23, "eta": 6.23},
    "Sb": {"chi": 4.84, "eta": 7.59},
    "Te": {"chi": 5.49, "eta": 7.04},
    "I": {"chi": 6.76, "eta": 7.39},
    "Xe": {"chi": 6.07, "eta": 12.13},
    "Cs": {"chi": 2.18, "eta": 3.42},
    "Ba": {"chi": 2.68, "eta": 5.07},
    "La": {"chi": 3.02, "eta": 5.11},
    "Ce": {"chi": 3.09, "eta": 4.77}
}