{
    "H": {"chi": 4.53, "eta": 13.89},
    "He": {"chi": 9.66, "eta": 29.84},
    "Li": {"chi": 3.01, "eta": 4.77},
    "Be": {"chi": 4.88, "eta": 8.89},
    "B": {"chi": 5.11, "eta": 9.50},
    "C": {"chi": 5.34, "eta": 10.13},
    "N": {"chi": 6.90, "eta": 11.76},
    "O": {"chi": 8.74, "eta": 13.36},
    "F": {"chi": 10.87, "eta": 14.95},
    "Ne": {"chi": 11.04, "eta": 21.10},
    "Na": {"chi": 2.84, "eta": 4.59},
    "Mg": {"chi": 3.95, "eta": 7.39},
    "Al": {"chi": 4.06, "eta": 7.18},
    "Si": {"chi": 4.17, "eta": 6.97},
    "P": {"chi": 5.46, "eta": 8.00},
    "S": {"chi": 6.93, "eta": 8.97},
    "Cl": {"chi": 8.56, "eta": 9.89},
    "Ar": {"chi": 9.47, "eta": 12.71},
    "K": {"chi": 2.42, "eta": 3.84},
    "Ca": {"chi": 3.23, "eta": 5.76},
    "Sc": {"chi": 3.40, "eta": 6.16},
    "Ti": {"chi": 3.47, "eta": 6.76},
    "V": {"chi": 3.65, "eta": 6.82},
    "Cr": {"chi": 3.42, "eta": 7.73},
    "Mn": {"chi": 3.33, "eta": 8.21},
    "Fe": {"chi": 3.76, "eta": 8.28},
    "Co": {"chi": 4.11, "eta": 8.35},
    "Ni": {"chi": 4.47, "eta": 8.41},
    "Cu": {"chi": 4.20, "eta": 8.44},
    "Zn": {"chi": 5.11, "eta": 8.57},
    "Ga": {"chi": 3.64, "eta": 6.32},
    "Ge": {"chi": 4.05, "eta": 6.88},
    "As": {"chi": 5.19, "eta": 7.62},
    "Se": {"chi": 6.43, "eta": 8.26},
    "Br": {"chi": 7.79, "eta": 8.85},
    "Kr": {"chi": 8.51, "eta": 11.43},
    "Rb": {"chi": 2.33, "eta": 3.69},
    "Sr": {"chi": 3.02, "eta": 4.88},
    "Y": {"chi": 3.83, "eta": 5.62},
    "Zr": {"chi": 3.40, "eta": 7.10},
    "Nb": {"chi": 3.55, "eta": 6.76},
    "Mo": {"chi": 3.47, "eta": 7.51},
    "Tc": {"chi": 3.29, "eta": 7.98},
    "Ru": {"chi": 3.58, "eta": 8.03},
    "Rh": {"chi": 3.98, "eta": 8.01},
    "Pd": {"chi": 4.32, "eta": 8.00},
    "Ag": {"chi": 4.44, "eta": 6.27},
    "Cd": {"chi": 5.03, "eta": 7.91},
    "In": {"chi": 3.51, "eta": 5.79},
    "Sn": {"chi": 3.99, "eta": 6.25},
    "Sb": {"chi": 4.90, "eta": 6.68},
    "Te": {"chi": 5.82, "eta": 7.05},
    "I": {"chi": 6.82, "eta": 7.52},
    "Xe": {"chi": 7.60, "eta": 9.95},
    "Cs": {"chi": 2.18, "eta": 3.42},
    "Ba": {"chi": 2.81, "eta": 4.79},
    "La": {"chi": 2.84, "eta": 5.48},
    "Ce": {"chi": 2.77, "eta": 5.38},
    "Pr": {"chi": 2.86, "eta": 5.13},
    "Nd": {"chi": 2.87, "eta": 5.24},
    "Pm": {"chi": 2.88, "eta": 5.35},
    "Sm": {"chi": 2.91, "eta": 5.44},
    "Eu": {"chi": 2.88, "eta": 5.58},
    "Gd": {"chi": 3.17, "eta": 5.95},
    "Tb": {"chi": 3.02, "eta": 5.67},
    "Dy": {"chi": 3.06, "eta": 5.74},
    "Ho": {"chi": 3.13, "eta": 5.78},
    "Er": {"chi": 3.19, "eta": 5.83},
    "Tm": {"chi": 3.25, "eta": 5.87},
    "Yb": {"chi": 3.29, "eta": 5.93},
    "Lu": {"chi": 2.96, "eta": 4.93},
    "Hf": {"chi": 3.70, "eta": 6.80},
    "Ta": {"chi": 5.10, "eta": 5.70},
    "W": {"chi": 4.63, "eta": 6.62},
    "Re": {"chi": 3.96, "eta": 7.84},
    "Os": {"chi": 5.14, "eta": 7.26},
    "Ir": {"chi": 5.00, "eta": 8.00},
    "Pt": {"chi": 4.79, "eta": 8.86},
    "Au": {"chi": 4.89, "eta": 5.17},
    "Hg": {"chi": 6.27, "eta": 8.32},
    "Tl": {"chi": 3.20, "eta": 5.80},
    "Pb": {"chi": 3.90, "eta": 7.06},
    "Bi": {"chi": 4.69, "eta": 7.48},
    "Po": {"chi": 4.21, "eta": 8.42},
    "At": {"chi": 4.75, "eta": 9.50},
    "Rn": {"chi": 5.37, "eta": 10.74},
    "Fr": {"chi": 2.00, "eta": 4.00},
    "Ra": {"chi": 2.84, "eta": 4.87},
    "Ac": {"chi": 2.84, "eta": 5.67},
    "Th": {"chi": 3.18, "eta": 5.81},
    "Pa": {"chi": 2.99, "eta": 5.81},
    "U": {"chi": 3.34, "eta": 5.71},
    "Np": {"chi": 3.55, "eta": 5.43},
    "Pu": {"chi": 3.24, "eta": 5.64},
    "Am": {"chi": 2.99, "eta": 6.01},
    "Cm": {"chi": 2.83, "eta": 6.38},
    "Bk": {"chi": 3.19, "eta": 6.07},
    "Cf": {"chi": 3.20, "eta": 6.20},
    "Es": {"chi": 3.33, "eta": 6.18},
    "Fm": {"chi": 3.40, "eta": 6.20},
    "Md": {"chi": 3.47, "eta": 6.22},
    "No": {"chi": 3.48, "eta": 6.35},
    "Lr": {"chi": 3.50, "eta": 6.40}
}