{
    "H": {"chi": 6.95, "eta": 13.31},
    "He": {"chi": 6.73, "eta": 35.66},
    "Li": {"chi": 2.97, "eta": 4.80},
    "Be": {"chi": 4.28, "eta": 10.02},
    "B": {"chi": 4.18, "eta": 8.16},
    "C": {"chi": 6.16, "eta": 10.13},
    "N": {"chi": 6.96, "eta": 15.11},
    "O": {"chi": 7.29, "eta": 12.42},
    "F": {"chi": 10.20, "eta": 14.24},
    "Ne": {"chi": 4.90, "eta": 33.17},
    "Na": {"chi": 2.82, "eta": 4.58},
    "Mg": {"chi": 3.55, "eta": 8.13},
    "Al": {"chi": 3.13, "eta": 5.64},
    "Si": {"chi": 4.71, "eta": 6.82},
    "P": {"chi": 5.49, "eta": 10.01},
    "S": {"chi": 6.06, "eta": 8.37},
    "Cl": {"chi": 8.18, "eta": 9.40},
    "Ar": {"chi": 3.75, "eta": 23.93},
    "K": {"chi": 2.37, "eta": 3.85},
    "Ca": {"chi": 2.98, "eta": 6.17},
    "Sc": {"chi": 2.93, "eta": 7.15},
    "Ti": {"chi": 3.44, "eta": 6.64},
    "V": {"chi": 3.73, "eta": 6.49},
    "Cr": {"chi": 4.41, "eta": 7.82},
    "Mn": {"chi": 2.73, "eta": 4.93},
    "Fe": {"chi": 3.07, "eta": 7.43},
    "Co": {"chi": 4.09, "eta": 6.32},
    "Ni": {"chi": 3.35, "eta": 8.10},
    "Cu": {"chi": 4.29, "eta": 2.80},
    "Zn": {"chi": 4.15, "eta": 10.02},
    "Ga": {"chi": 3.05, "eta": 5.77},
    "Ge": {"chi": 4.58, "eta": 6.67},
    "As": {"chi": 5.26, "eta": 9.48},
    "Se": {"chi": 5.72, "eta": 7.70},
    "Br": {"chi": 7.57, "eta": 8.43},
    "Kr": {"chi": 2.63, "eta": 22.96},
    "Rb": {"chi": 2.29, "eta": 3.67},
    "Sr": {"chi": 2.77, "eta": 5.78},
    "Y": {"chi": 2.77, "eta": 6.42},
    "Zr": {"chi": 3.48, "eta": 6.21},
    "Nb": {"chi": 3.88, "eta": 6.21},
    "Mo": {"chi": 4.60, "eta": 7.95},
    "Tc": {"chi": 3.63, "eta": 6.82},
    "Ru": {"chi": 4.10, "eta": 5.21},
    "Rh": {"chi": 3.70, "eta": 7.46},
    "Pd": {"chi": 4.35, "eta": 7.94},
    "Ag": {"chi": 4.38, "eta": 6.30},
    "Cd": {"chi": 4.03, "eta": 9.81},
    "In": {"chi": 2.96, "eta": 5.21},
    "Sn": {"chi": 4.33, "eta": 5.93},
    "Sb": {"chi": 4.93, "eta": 8.34},
    "Te": {"chi": 5.31, "eta": 6.74},
    "I": {"chi": 6.87, "eta": 7.31},
    "Xe": {"chi": 4.00, "eta": 16.85},
    "Cs": {"chi": 2.16, "eta": 3.41},
    "Ba": {"chi": 3.31, "eta": 3.63},
    "La": {"chi": 3.07, "eta": 4.51},
    "Hf": {"chi": 3.38, "eta": 7.50},
    "Ta": {"chi": 3.76, "eta": 7.24},
    "W": {"chi": 4.68, "eta": 7.47},
    "Re": {"chi": 3.57, "eta": 8.12},
    "Os": {"chi": 4.81, "eta": 8.36},
    "Ir": {"chi": 5.43, "eta": 7.45},
    "Pt": {"chi": 5.47, "eta": 6.13},
    "Au": {"chi": 5.64, "eta": 3.57},
    "Hg": {"chi": 4.66, "eta": 11.31},
    "Tl": {"chi": 2.82, "eta": 5.11},
    "Pb": {"chi": 4.13, "eta": 5.74},
    "Bi": {"chi": 4.68, "eta": 8.05},
    "Po": {"chi": 5.04, "eta": 6.41},
    "At": {"chi": 6.50, "eta": 6.91},
    "Rn": {"chi": 4.36, "eta": 14.68}
}