{"1": {
 "calculator": "qeqcalculator",
 "calculator_parameters": {},
 "cell": {"array": {"__ndarray__": [[3, 3], "float64", [10.0, 0.0, 0.0, 0.0, 11.526478000000001, 0.0, 0.0, 0.0, 10.596309]]}, "__ase_objtype__": "cell"},
 "ctime": 25.87064880747405,
 "initial_charges": {"__ndarray__": [[3], "float64", [0.6273586745706121, -0.31367933728530606, -0.31367933728530606]]},
 "mtime": 25.87064880747405,
 "numbers": {"__ndarray__": [[3], "int64", [8, 1, 1]]},
 "pbc": {"__ndarray__": [[3], "bool", [true, true, true]]},
 "positions": {"__ndarray__": [[3, 3], "float64", [5.0, 5.7632390000000004, 5.596309, 5.0, 6.526478000000001, 5.0, 5.0, 5.0, 5.0]]},
 "unique_id": "8ffa4562d0f3044fe484fcf1ecfb0097",
 "user": "mayankagrawal"},
"ids": [1],
"nextid": 2}
