{
  "#info": "Rappé-style example QEq parameters (approximate). These are illustrative only — verify against the original literature (Rappé & Goddard) or your chosen force field before production use.",
  "H": { "chi": 4.528, "eta": 13.78 },
  "C": { "chi": 6.000, "eta": 10.00 },
  "N": { "chi": 7.000, "eta": 11.00 },
  "O": { "chi": 8.000, "eta": 13.00 },
  "S": { "chi": 6.500, "eta": 9.00 },
  "P": { "chi": 5.500, "eta": 9.50 },
  "Cl": { "chi": 6.000, "eta": 8.50 },
  "Na": { "chi": 2.800, "eta": 5.00 },
  "K": { "chi": 2.300, "eta": 4.50 },
  "Fe": { "chi": 5.000, "eta": 8.00 }
}
